Year,Units,Series,Value
2010,percentage,all-day care provision for 0 to 2-year-old children,11.597
2011,percentage,all-day care provision for 0 to 2-year-old children,12.94
2012,percentage,all-day care provision for 0 to 2-year-old children,14.629
2013,percentage,all-day care provision for 0 to 2-year-old children,15.758
2014,percentage,all-day care provision for 0 to 2-year-old children,17.462
2015,percentage,all-day care provision for 0 to 2-year-old children,18.065
2016,percentage,all-day care provision for 0 to 2-year-old children,18.32
2017,percentage,all-day care provision for 0 to 2-year-old children,18.478
2018,percentage,all-day care provision for 0 to 2-year-old children,18.837
2019,percentage,all-day care provision for 0 to 2-year-old children,19.321
2020,percentage,all-day care provision for 0 to 2-year-old children,19.583
2021,percentage,all-day care provision for 0 to 2-year-old children,18.942
2022,percentage,all-day care provision for 0 to 2-year-old children,19.297
2030,percentage,all-day care provision for 0 to 2-year-old children,
2010,percentage,all-day care provision for 3 to 5-year-old children,32.321
2011,percentage,all-day care provision for 3 to 5-year-old children,34.879
2012,percentage,all-day care provision for 3 to 5-year-old children,37.05
2013,percentage,all-day care provision for 3 to 5-year-old children,39.266
2014,percentage,all-day care provision for 3 to 5-year-old children,41.67
2015,percentage,all-day care provision for 3 to 5-year-old children,44.404
2016,percentage,all-day care provision for 3 to 5-year-old children,44.756
2017,percentage,all-day care provision for 3 to 5-year-old children,45.511
2018,percentage,all-day care provision for 3 to 5-year-old children,46.132
2019,percentage,all-day care provision for 3 to 5-year-old children,47.178
2020,percentage,all-day care provision for 3 to 5-year-old children,47.913
2021,percentage,all-day care provision for 3 to 5-year-old children,47.324
2022,percentage,all-day care provision for 3 to 5-year-old children,47.353
2030,percentage,all-day care provision for 3 to 5-year-old children,
