Year,Units,time series,Value
2015,percentage,all wired technologies,
2016,percentage,all wired technologies,
2017,percentage,all wired technologies,
2025,percentage,all wired technologies,
2018/2,percentage,all wired technologies,27.33
2019/1,percentage,all wired technologies,34.12
2019/2,percentage,all wired technologies,43.22
2020/1,percentage,all wired technologies,55.9
2020/2,percentage,all wired technologies,59.18
2021/1,percentage,all wired technologies,62.13
2021/2,percentage,all wired technologies,
2022/1,percentage,all wired technologies,68.04
2022/2,percentage,all wired technologies,70.5
2023/1,percentage,all wired technologies,73.6
2015,percentage,fibre-to-the-building/home (fttb/h),6.7
2016,percentage,fibre-to-the-building/home (fttb/h),7.1
2017,percentage,fibre-to-the-building/home (fttb/h),8.0
2025,percentage,fibre-to-the-building/home (fttb/h),
2018/2,percentage,fibre-to-the-building/home (fttb/h),9.0
2019/1,percentage,fibre-to-the-building/home (fttb/h),10.5
2019/2,percentage,fibre-to-the-building/home (fttb/h),11.8
2020/1,percentage,fibre-to-the-building/home (fttb/h),13.8
2020/2,percentage,fibre-to-the-building/home (fttb/h),14.5
2021/1,percentage,fibre-to-the-building/home (fttb/h),15.4
2021/2,percentage,fibre-to-the-building/home (fttb/h),
2022/1,percentage,fibre-to-the-building/home (fttb/h),18.2
2022/2,percentage,fibre-to-the-building/home (fttb/h),23.2
2023/1,percentage,fibre-to-the-building/home (fttb/h),28.2
2015,percentage,hybrid fiber coax (hfc),
2016,percentage,hybrid fiber coax (hfc),
2017,percentage,hybrid fiber coax (hfc),
2025,percentage,hybrid fiber coax (hfc),
2018/2,percentage,hybrid fiber coax (hfc),23.66
2019/1,percentage,hybrid fiber coax (hfc),29.28
2019/2,percentage,hybrid fiber coax (hfc),37.83
2020/1,percentage,hybrid fiber coax (hfc),50.18
2020/2,percentage,hybrid fiber coax (hfc),53.5
2021/1,percentage,hybrid fiber coax (hfc),56.54
2021/2,percentage,hybrid fiber coax (hfc),
2022/1,percentage,hybrid fiber coax (hfc),59.07
2022/2,percentage,hybrid fiber coax (hfc),60.55
2023/1,percentage,hybrid fiber coax (hfc),61.9
